,0,1
0,-3.9581230149141797,5.669681296400122
1,8.275396307087899,3.641903507299532
2,-3.486464914828513,4.282899401247778
3,2.363639942565207,-2.1076939132936356
4,9.815036677567669,2.926291044132233
5,4.419740549665306,11.911401976965156
6,2.692102472226975,12.16441511895252
7,-5.168939507232516,5.460122360358437
8,10.659345166630064,4.101454208001554
9,8.97890850230337,3.5633540169775983
10,-4.489191874188832,4.392354449088996
11,10.399834479941472,2.821910818449162
12,10.312375767040198,2.5951797478756435
13,3.230887507110678,11.753954301967417
14,-4.655483385108484,4.37163521459394
15,-4.806346508874903,4.364822145471563
16,-5.071715714013732,4.729330672747294
17,9.496359036165163,2.1180319950309925
18,9.545038029215009,4.443488632771597
19,-5.80285014388201,2.1270323149647012
20,9.968532376096116,2.6885698501411808
21,1.3839786372909733,-2.3727863740690616
22,2.4657773109006715,-3.8445526338826514
23,-3.8914248532298386,5.594978300740999
24,9.679269272052014,4.162753862337616
25,1.7777504324100686,-3.4695064735835777
26,9.259915262983704,3.568579230880449
27,2.167122418818197,11.487910025357104
28,3.514570623941067,11.671272681459914
29,-2.7035121364121997,4.566339136333513
30,11.451009222896378,2.687165908456539
31,9.870690801478018,3.1206382731546345
32,3.345741570906264,9.732516302193266
33,-4.260704807670602,6.318897882145789
34,12.162824146206273,1.7930633186418727
35,1.801828341999581,-3.4369992056285428
36,0.8172462425208362,-3.6255107707921255
37,-3.605283161348138,5.439460077484278
38,9.82905205916473,1.8971437953605432
39,-3.861309543818208,4.194507744743053
40,-4.301121924369149,5.030499017656355
41,11.161602522110034,1.798596333254666
42,2.493745911886714,-2.1468678758829345
43,7.883452119820776,4.756616513315281
44,-4.885494498905118,4.669898782740424
45,10.530385961255597,3.0125567250723115
46,1.7673638732530597,12.009403030174989
47,-4.369238456418422,3.795919330795404
48,2.6406207245914235,11.893446657989172
49,9.632702618684172,3.2898481432083138
50,-4.10816013694926,5.628088723084388
51,10.386587776948234,3.6278097126080504
52,9.2740281027754,1.334887938358517
53,-3.585037925372271,4.913109191178823
54,2.777842169505299,-4.0671513341602505
55,-4.1810945599349685,4.748842823111158
56,-4.454085232998323,4.689929900559719
57,2.02830680962213,11.74253435890607
58,2.011309777604678,-2.2887789790462807
59,2.6212917650553007,-3.6063305742295815
60,1.93830272996096,-3.2348563204263043
61,2.662229043717402,10.255356627810821
62,-4.607770812771226,4.441763816096092
63,-4.925780285842801,5.300927347115435
64,1.1916640792414324,-1.8172778810117454
65,2.5332023152756626,9.245481381336864
66,-3.7816409155704425,6.096493621454734
67,9.454277065111272,2.380486528089576
68,10.793671733159279,1.0326030014357939
69,-4.048632406402201,4.444443538020548
70,8.22593306550208,2.9380226777598164
71,-4.0537504650890765,3.7589359070126918
72,9.783343504595008,3.468295394622151
73,-4.889863333325649,6.172893801331085
74,10.623737917959225,3.2613067860901026
75,3.021460466686559,11.142740183269439
76,2.588456825586291,10.375225638085759
77,10.860073181974768,3.797422580852639
78,1.6683784651934408,-1.749251893267084
79,10.37975660786601,3.2800140835262934
80,-1.9886204153787923,4.588068022521789
81,2.930258755248232,10.505863444093249
82,2.958240439278268,10.994157703026952
83,1.063751905758176,-2.977689985973378
84,3.3103325552772596,11.079772446177449
85,3.404473157171658,10.442334991275693
86,1.476515268116339,-4.343428988778969
87,8.391717437178011,3.581721377622655
88,2.1582576361227357,-3.6577952165876364
89,10.503792849534843,2.411453369450343
90,-0.13649874978420096,11.265010791853188
91,0.7687105635959255,11.66272163168697
92,10.376983578710712,4.2021790810260695
93,2.8255249141069902,-4.606559648660728
94,2.6830126662723357,9.489527130656672
95,9.96433817711794,1.2091402053710052
96,3.319084012067268,-2.3367204893324285
97,2.2707474119098077,10.464361986845265
98,3.1842503385540244,-3.6982782183344316
99,2.233799874486163,-2.512655618664845
100,3.4817786315423676,10.665964873177382
101,-3.722654615715734,4.270918806448258
102,-4.562327823301888,4.735979398089406
103,-4.29653402706652,3.8003548376117893
104,2.4787928350543806,10.861248824813844
105,0.6860494620551436,12.022774162455072
106,1.7468303893611916,11.222731046444096
107,9.045112736768736,4.620390397178441
108,-4.6973544852231734,5.5287827764295345
109,-4.767013746899103,4.973519232705086
110,2.9018537650007445,-3.4053762076797387
111,8.301983798912982,2.592852947857018
112,-3.4289799386244053,5.562850448881859
113,0.955345884751289,-2.978536682538671
114,1.1635202114621737,-2.978453589020096
115,9.996072892573318,1.7801784103679716
116,-3.439937118784561,5.586684192645556
117,3.839437428974761,12.332283658772957
118,2.4358203708826074,-2.8988076924557475
119,-4.539245511102605,4.133944133011995
120,2.5260916633241006,12.508139918426815
121,3.315649203869209,-2.728938175431792
122,8.720415583236829,1.9908589484474093
123,9.470998054280559,1.4113117258051864
124,-4.305428413355405,4.7917324442436495
125,4.168647772077884,12.15468653770661
126,0.5142448282659686,-2.5939689417639826
127,-5.689147013310523,6.666493128555446
128,-4.0173473175349,5.776711329452553
129,3.183438274843719,-3.2038143565868427
130,-4.659587275013148,5.104847599647409
131,-3.799764825583764,3.7450878528485205
132,-5.139000131225851,5.282588275691169
133,1.7159932186841749,-2.683662842743978
134,0.8458022379746295,-2.7144582687265806
135,3.0572324919773286,11.120635811002368
136,2.4588480279330094,10.665106061296227
137,8.443709896261101,2.9952909899076503
138,2.2842256304112416,-2.8418516196585246
139,3.7812928097406617,10.987036785258853
140,9.730354355176017,3.8208609949639274
141,1.9753170037454488,10.561119068368876
142,10.66067246884364,3.586830587585763
143,4.575901090047662,11.67684802002372
144,10.303766916208259,3.8302085103662744
145,-3.265689793584457,4.013004289563236
146,-3.6750122193123356,4.692517526777621
147,-4.382621548225238,5.43104619238788
148,2.6775826818011286,10.867138707795087
149,3.1439519693875413,-3.305081522997285
150,3.197557016150782,11.16191410201436
151,10.668438740825806,3.4579599725061674
152,10.2657675618511,2.5549614552267874
153,10.122949686898231,2.969145210881951
154,2.566758335909561,12.368924991298217
155,-4.418896026554185,6.4195339973336925
156,2.2107287055432607,-1.9006749546655097
157,-2.813916290169315,5.9925528197287115
158,2.673293645264109,11.915337118042357
159,-2.801740478997968,5.108308119057854
160,2.9137137951752043,-3.5563952317904217
161,1.0479865961482306,-4.067625462814316
162,1.0294726890763384,-2.2795315142155186
163,4.204459912755633,11.381633798856704
164,3.047131578636817,11.625495840830958
165,9.586304103515443,1.5407459842694688
166,-3.6684241871513747,5.223804519210807
167,-3.331331955520458,5.607711147216919
168,1.8100800168401865,-3.1158091235394343
169,-2.6406008251946167,4.13422160974009
170,-5.731240534819399,6.017932646754896
171,-2.5421758137101493,5.089654096065615
172,10.239295328138796,2.763594595986509
173,10.016517159372714,1.4284848836669446
174,-3.123091059027573,4.629058847892652
175,8.769966999443755,3.165362894257721
176,3.8162819181300685,-4.275769400563559
177,2.8031448067760922,12.396783562115354
178,1.780494335062985,-3.37235926983574
179,9.167950447565977,2.8872657513658173
180,3.643443080651595,-2.951925848963186
181,-4.481718344287039,6.485020461564905
182,1.9240940164082496,9.978236509124425
183,10.581955200126485,3.273124730688008
184,-3.742710886072807,4.990975515439002
185,2.6158103623979896,12.479683232421841
186,1.7584898015362427,-3.631888752110335
187,0.35501647275465786,-3.2134064222764995
188,3.604844131433833,11.996380399389645
189,2.5947995219653563,11.244538129369166
190,2.9553267563282235,11.444783675413346
191,8.735517536315504,2.4051191051143173
192,3.9702745923024283,10.965453389718682
193,2.7910829298920667,12.854954981416231
194,9.4659248145807,2.5562287342466816
195,-4.131786068829685,4.584379349981848
196,-5.414127464532882,5.021197512709848
197,3.644198165120812,10.835966886990782
198,10.236958047678012,2.3324459183620396
199,4.009534545606973,10.532502278635901
200,2.4792179024396046,-2.412206893944647
201,2.459720226117724,-0.9458650694144932
202,9.955112203223582,3.7794088574535842
203,2.0961201021253966,-5.012300285494455
204,10.418306185675341,3.8188784706736225
205,2.1859682491639867,-4.043004677364776
206,-4.225020566854138,4.944523073759174
207,1.5845064896591654,-4.0480731920492445
208,3.8558503933490704,11.212042755562617
209,-5.197152785248514,4.513603681193501
210,9.099547157359787,3.6641916108831527
211,-3.2844387495538516,4.388429084347504
212,10.680837271710997,1.2673154541201441
213,2.5494853320133615,11.511777384424756
214,-4.918892872309087,4.509766484738728
215,4.187571401701424,12.393170673557698
216,10.63702102913809,2.198136091552623
217,2.087288019226455,-3.8145798188426574
218,2.2389757681609277,-2.8048129789524436
219,1.974651041286643,10.876443704253601
220,2.6968133049029306,11.756569315539878
221,3.755606281287782,8.874375238294572
222,11.197720426962201,3.17362249421081
223,3.580162290631578,11.036167995256438
224,-3.9908114353204187,4.4147026087425685
225,2.2751524928112397,-3.9272548518741783
226,-3.8384379484402023,4.570849481349679
227,3.486523560686048,10.060212324131275
228,9.34611727376639,3.6048294096985716
229,-4.919062799099121,5.66604548400019
230,-5.250385445033115,4.39552600769088
231,3.3383593323953895,11.035173949948659
232,3.095365414926593,10.049256239700927
233,9.633187504685411,2.991189068530808
234,1.509546161925102,-3.574772232594099
235,-3.786440063161981,4.379515487189746
236,2.9148524698123204,-3.1222203977641256
237,2.579145719198804,11.757559765472642
238,3.5651412761994585,-1.5870854777407986
239,1.4527538112008056,-3.186950636654438
240,4.089582945182927,10.967554742263422
241,-4.542174700139823,5.120970614077772
242,0.9276413256198921,-3.1403365757750787
243,9.785768103086458,3.427799468843263
244,4.139668834092506,11.355861339242468
245,8.959636241304967,2.557508641557502
246,11.385739522047892,3.909650192922802
247,1.7528130836026945,-2.4489322858765346
248,3.027029732026043,10.662017328634802
249,-3.665378728420522,5.063674873919216
250,9.811380768869112,2.9119996205909016
251,-5.158018589971614,4.445446561098264
252,-4.181138691895202,6.033846927899631
253,3.525192910734206,11.232742618319858
254,3.2696455501808366,-2.5853453501715338
255,9.388372499827213,2.644353465072987
256,4.30549324785856,10.362541146547544
257,10.918347157653837,3.6759905843797287
258,-2.9368329753352547,4.361113218177723
259,10.0388445279477,3.5035221309356763
260,9.844923281640433,2.1524473936611472
261,10.086972571298572,2.8284280140956177
262,9.743643693528051,2.1689921158322094
263,-4.013491898477944,4.117520857262121
264,1.8608467765114831,10.775188376108286
265,-3.792659119492953,6.060933371983961
266,4.218918937124608,11.851863447579703
267,8.980703808132828,3.8130176752479596
268,3.843550953980272,-3.3010561213240877
269,10.470849516230919,4.314949238714831
270,1.2404798658903498,-1.8406350019760742
271,3.8043303032140194,12.07279163720111
272,-4.051120208974742,5.257265947401572
273,1.0395380485910857,-1.8478206720662167
274,0.9919071436861506,-2.4879374547170814
275,10.577436384521835,1.8984826365668617
276,2.4960951600625156,-2.572421649736392
277,-2.2757763085249847,4.123656545625843
278,2.145992671067865,-1.864270200066574
279,-5.096880932820241,5.760978746430212
280,4.216154255386161,9.897857550590063
281,9.121623104909089,2.040243443845514
282,2.8178123949056513,-1.8404575009095352
283,1.530680202967384,-3.929233227922382
284,2.735756441772376,10.908895890648722
285,2.27850799892035,10.955236025863188
286,-3.117449210245604,4.064708883670194
287,10.056013524947563,1.865965613795106
288,3.5760784472343694,12.453616706787827
289,9.380492841755041,2.5369256902629895
290,10.535992139297415,4.6164359412322025
291,2.6730421131160433,11.431283502113212
292,-3.2390754172046208,4.637775953420058
293,10.686308590679568,4.207262683554376
294,11.538210265364375,3.713841630027666
295,-3.816021424997018,4.932597689198868
296,-3.8395994373984097,5.513116009342372
297,3.767863574668774,11.448604220806102
298,-3.3861573559993907,5.28883865954911
299,2.9030152661716233,-2.9484483035762046
300,2.6451990999093704,9.980248314211961
301,-5.320589998170732,5.046376523405986
302,-3.6708655558282173,4.979075005812732
303,10.332766427520223,3.874535346842985
304,-3.5747544467466863,6.679410668311421
305,9.3342472245604,2.550220584312502
306,3.6491691480303325,10.781704199279615
307,2.7051597426256078,10.89323072333058
308,2.6142884882643003,-4.080483158846749
309,-3.51454932633391,5.362330777193556
310,1.1748572874613932,-2.8410884925777955
311,11.116234902155389,1.9509763527713073
312,3.2467216176732068,11.688000628064708
313,1.2837400373859946,-1.0008895956646973
314,-4.800121131998912,4.7280703397254324
315,2.323782731469585,10.028641366018473
316,3.2521531800740457,10.66576029849861
317,-3.845825224007714,3.94142979048378
318,1.9789894421500696,-2.4870436751656135
319,2.546546808177707,11.523804133972638
320,2.167043611105227,-3.009471438856632
321,2.172442639842057,10.732267363702174
322,9.582059951647862,3.6294750525318022
323,3.069909038929803,10.686191233185689
324,-2.1304836973408388,4.750109485920092
325,1.0605985628587096,-4.135408512557225
326,2.6852454958027416,11.688920818880485
327,1.20580967819364,-2.8059567735631568
328,2.5277682418287233,-3.395573997118088
329,-3.473658421742328,5.742992449612058
330,11.04887490515806,3.0484425368378867
331,0.9074331169687808,-3.3341184490601847
332,1.377528565968564,-3.542106265159086
333,2.3773440133042536,9.433284935897728
334,-3.5596193346000353,4.753420320054745
335,2.973875431179847,10.1009568763371
336,1.718773407108247,-3.3982882581999827
337,4.081655119445685,11.826481649793715
338,2.1483456921510737,10.344889801156798
339,-4.367178031893455,5.1233979198710955
340,1.9997110575851698,-2.7220135306998845
341,3.3705565770147836,11.305194641341267
342,3.41190029140739,11.913867020016843
343,2.455875936244873,-2.9770782669265814
344,3.0378974807598667,-3.022107208651802
345,-3.7648950468209716,4.77885147076287
346,-3.683107033583752,5.351248624187287
347,11.888022996647683,3.9001716307329075
348,10.023648851343802,3.880957045738084
349,1.99984340137177,-4.148215231269612
350,10.140975768878697,3.0695858841083874
351,1.602348656724914,-2.528527273011167
352,-3.4649461624684306,4.886403953020283
353,1.130317170511117,-4.684007495951182
354,-3.3083311126652104,4.28576508631287
355,3.0445202046008477,11.592100828455157
356,4.106700716411204,10.256912444242978
357,10.015614696778849,3.5054137565807792
358,2.402582051374002,-2.1760311509493486
359,10.133327006972333,2.7406295843026682
360,2.321371595306774,10.042583706658048
361,1.9537610006284705,10.913601761637091
362,3.4016356000823995,-2.5128237901907267
363,1.8720937965832491,-2.036009048295301
364,11.491574855654894,2.721267140689357
365,-5.175679287441938,5.560727382066091
366,3.2017951187196085,11.750351115075139
367,3.045663772485497,10.874635826094694
368,-3.8403235388603774,4.831006491893303
369,9.894253322984454,2.5457034860959604
370,2.813694507531137,-3.3222361608548523
371,0.11003730088967201,-2.2532021806041724
372,3.15852470688393,10.732752143815206
373,9.868698630751103,3.0358182407579215
374,4.265287383681393,10.553320242614198
375,-4.87873620671889,4.829877360565848
376,10.144773670310576,3.944198842303325
377,1.286895694874068,12.37402370659331
378,1.8547039593341945,-1.5213829562649681
379,10.657038548427117,2.472522213129964
380,9.886852948592903,3.6090706190502533
381,3.111200226709136,10.777747265743429
382,2.353947272064935,-3.532528484540767
383,2.3597067291279954,-2.0968572791859392
384,-4.2287358202927985,4.517509453030419
385,3.2871340739573256,10.497598625535243
386,-4.489466476747211,5.77027706526215
387,4.300836710125667,11.006022514918442
388,3.704286794206156,10.08238562242782
389,10.503864195613781,2.3542077071387246
390,-5.137217686365919,5.344146519304681
391,-4.828237460895259,3.983575039415248
392,2.581036943321453,-2.376093963929693
393,9.652835748728096,3.1571872339028944
394,9.967034840440206,2.828831558598261
395,9.0306927331963,3.9345585871448074
396,2.3670409713368143,-4.0902063215226026
397,1.7408840624278799,-3.135155931809772
398,2.1505416476513464,11.819244634887504
399,1.6028616779652411,-3.5529683097452707
400,9.994383078175556,3.56356181165196
401,1.5427148366008252,-3.351915026121969
402,2.3895526349532763,-4.275320463207278
403,0.91164110364123,-2.715330622137115
404,4.131498659179938,10.592659121724935
405,8.597801326450282,3.0794142677303737
406,-3.301548958063638,5.350893838759468
407,-4.481496424034601,6.00088274749394
408,-2.9062306926388732,4.493480512887662
409,1.7277670437751167,-3.1465250428291087
410,3.3538165779501896,-4.712938108152697
411,1.4722591374066836,-3.2119248252573454
412,-3.9161996995618327,4.9720692548265415
413,10.106147004699979,3.4191302158230874
414,4.12266267491927,11.482129536416636
415,9.601482516721639,2.935096344084658
416,3.4265911610821123,-3.8376342929800806
417,-4.0005328063117656,5.142209939056815
418,-3.474587910799899,4.216675140111481
419,9.42969118950808,2.5488636491365524
420,-3.4870494238048604,5.242063303742979
421,-2.4721609344577615,3.7353259361612587
422,2.6525708682070106,-2.8816589225193034
423,-1.849168386581948,5.559107508094584
424,9.27397460279337,2.8739234808417344
425,1.8218534453390192,11.548738213883329
426,2.714749028468634,9.504189750664882
427,9.3430638821371,4.42897992511047
428,1.7264335470672445,-2.5728439999921897
429,2.440450866100958,10.921270187465721
430,-3.160892266554654,5.1107704406477765
431,-4.7103260075782725,6.364353457079754
432,9.728635129916002,2.3692089506349734
433,2.751333378917638,11.243241553865246
434,2.4561646983185166,-2.923044233451442
435,9.638905832769012,3.534326011552991
436,-1.4709426736317326,4.97546603865405
437,2.1763982949586853,-3.8284077734560604
438,10.84468244393661,1.6410695235307708
439,10.604135355289475,1.3815479801660853
440,2.3373158991621397,-3.2244018773301195
441,2.3727651923615847,-3.3655618767435476
442,3.9234007634924106,10.645313555929915
443,1.5248911908130518,-2.54821203953759
444,2.030139599823147,-3.351852662530754
445,3.0495278802374495,10.69996326006191
446,10.892550147929285,3.526397826585569
447,-4.422394374790599,5.264872188797681
448,4.195957343911525,11.503473831007236
449,-3.9049946802869275,6.346980618944952
450,-5.608802966829212,6.113152463106693
451,2.8826421711562857,10.976226191057046
452,2.5663044928641563,10.764797205436958
453,2.7963128933397146,12.23311200719618
454,9.973004733566377,3.8754892477142464
455,-4.145444888679324,6.155272381138188
456,3.2121393250399204,10.786091439634276
457,-2.9864335672226874,5.754486584232787
458,1.3727583879483816,12.026486152049278
459,-4.073351063879089,4.39053105152534
460,11.036212337620153,3.281327576237902
461,-5.112432561055,5.1972953482694475
462,2.7997651038144915,11.764762155644085
463,2.0575624105449073,11.214342926553792
464,2.953011091264109,10.322266680768958
465,-4.233332734265805,5.789867181889289
466,4.610393633239266,11.424421111086945
467,2.76087775577831,12.150740694075258
468,-5.237743482131762,4.576288727051985
469,-4.211180177709595,5.718786530076523
470,2.982809798445859,10.529979224351923
471,9.894578930189109,3.709447068422143
472,3.0616928414304496,-3.227633013601985
473,-4.015650899337785,5.9266832843774635
474,-4.644407987098013,4.811534833396192
475,-4.543014090995795,6.024805065359622
476,2.3676709836619847,-3.0917542893230676
477,2.8112779662928133,-3.2419549100573635
478,3.0177349941377987,-2.081711202821511
479,2.2875477059022318,11.272526351860467
480,-3.6588197167691785,5.662715459726646
481,10.239778583909926,1.9930376199188642
482,4.808149079255373,11.943698245403784
483,0.5557068790885396,-3.030693371964917
484,3.0907853334572892,10.72005640064261
485,3.015017510714414,-1.6132355725584844
486,12.13297839403806,2.3195105210376683
487,-3.234991326074534,4.072165381414576
488,2.187154872129592,12.218269667132706
489,2.557207206821772,9.512576739901448
490,-4.143134832273071,5.236170467550754
491,10.870278549625521,2.710093636662081
492,-5.756536387927421,5.642054978803172
493,-3.8411413507105236,5.026806169034631
494,3.758350069320374,10.42285682539638
495,2.4310635840400994,-3.619321768260763
496,9.824830580147468,2.6132850774236047
497,-3.241779757162757,6.167671553379593
498,1.0493052387988184,-4.129310991742591
499,10.494639702552027,2.8313916728570785
500,-4.507413370073537,5.089464507757107
501,8.900371461360098,3.101535868017933
502,2.7468854647075687,10.191649687225485
503,2.7536478264606377,-3.646409734495453
504,9.784302334170246,3.5223198021868503
505,-4.6882510985644075,4.83946661356616
506,9.994500069375094,4.49697974998962
507,2.85481592549136,-3.7288350509406527
508,4.043840422339321,10.843560747542256
509,1.8175523516966863,-2.580787363239033
510,11.172951940622621,3.0210938492349957
511,1.7340610104931304,-2.1673525679431855
512,-4.151217106560339,3.9956776711568205
513,10.307846749436843,3.3093539169113764
514,1.6258731311242638,-4.112001057286402
515,10.390344767018785,4.304962241203893
516,2.7515205502960267,10.940637881950773
517,-5.35635480561599,4.463564588288049
518,1.9835578434825714,-3.796447772649405
519,1.104948502791875,12.602728758276315
520,9.668082491991699,2.919307296669895
521,2.6675688069306633,-2.592374966553991
522,-3.168633039168954,5.521035568658509
523,-3.6137022410295234,5.23204491472408
524,-5.087040491192249,4.620676823473326
525,3.3219423388860463,10.567483461924748
526,10.46051401258761,2.1813307886351234
527,-4.844669327406095,3.6170273590507436
528,0.6135579935145343,-4.006569881825022
529,2.56551063618195,11.9316528447133
530,-4.034911311522078,6.239711302137777
531,-4.464417187924811,5.836389539488243
532,2.820827131814274,9.801330249891533
533,1.8435122643505382,10.705069418977907
534,3.1284742485981663,10.620225132645361
535,2.039807007308993,-4.618749026323782
536,1.6740692265455581,-2.8889822249600132
537,1.6363755048089677,-2.920057488301974
538,9.13504905240263,2.0255121240740155
539,-4.585674033267601,4.636186180284318
540,11.340432353191279,3.384167879431406
541,-3.7734598814045164,4.014989131091607
542,2.9446253203096417,12.362707069131456
543,-4.449033350979948,5.244612316528747
544,2.0686054281809607,10.635848389761144
545,4.3091581369341565,9.746878385656224
546,2.7420558947140687,11.735540942216987
547,10.853236412995876,2.4043183469189495
548,-4.706149260516716,5.152648690265279
549,10.152610161734442,3.097569010471393
550,10.047356769432946,3.3912156078014926
551,1.5743170625409326,-3.1023887816290365
552,1.836126742837434,-2.7835026582512263
553,1.7143413145456994,-2.883619672730709
554,1.5907828878377934,-1.3003661214577764
555,2.417546658000633,-3.33797290785942
556,10.674869734446911,4.572552480209251
557,10.970258760745178,3.660191491421617
558,0.622397389017614,-4.248448070900483
559,2.7058094299731827,-2.1370797438015448
560,3.5420022770370685,10.915249081154373
561,2.3699061945066626,11.578313195645647
562,-2.2795892721201034,4.898486302572053
563,2.096672212500435,-1.9285511787558487
564,1.1425124191729104,-1.6871509065568047
565,9.360479569022282,2.808808362504533
566,-4.23264883641609,6.231650024720003
567,-3.897784188773379,7.157742484252752
568,3.5505667895042574,-2.8120964431529614
569,11.223206308848075,2.6928184117828584
570,3.0014534589916058,11.013080333552574
571,1.9022963571825688,11.097143724031872
572,2.3534896322109917,10.771102084945829
573,4.131989719036832,10.53728149288323
574,9.510787479970094,2.152277742550025
575,2.1914984658947825,10.75354423784324
576,2.2185579762478995,-3.0180606889037946
577,-4.069346588438113,4.789859931187739
578,3.5829199375705625,10.237310841854033
579,9.635508764752455,2.3811472647247354
580,2.4832564093736496,-3.0915844896260456
581,10.303150506991248,2.8691202818240904
582,-2.749600717574122,4.036926251381919
583,3.5524065802123945,10.667291040159352
584,1.5855315433225392,-3.6130679903326905
585,2.767862931174405,11.01520575083244
586,-3.4666871747125145,5.549652527358932
587,-2.5486967488236445,4.720056029827929
588,3.6804142395661628,11.287633219860716
589,2.5527232134549074,-2.5096130908306216
590,11.348711210825172,3.7507926571926884
591,2.378375906297708,-2.2933319233931098
592,2.1615734459986338,10.75461638613898
593,1.9298497472391078,-3.4641375912444623
594,1.5377680525096629,-2.978392299733069
595,1.0548203515580865,-3.0975528335792957
596,8.430738842733058,1.0642883495611908
597,2.7387710618630723,10.611566266191513
598,2.2227212105018794,-3.2450953303022434
599,-2.0677920678128294,5.378879635658142
600,-5.23675853382855,4.820734772501359
601,2.2484933825780438,-1.5843129831018583
602,2.5185251051051893,-3.923442768584144
603,2.574900599430878,-2.768431690838937
604,-4.341042763247591,6.0680446074312
605,-5.726720223225253,5.504636583040254
606,3.196186988063868,10.312574499438217
607,3.017810787644551,9.383730317040794
608,9.96988021144294,3.30568891847389
609,-3.859666720686171,3.8973291252043882
610,2.738786056490807,-3.6874340417428533
611,9.89083770833249,2.495513810454803
612,8.692123977560211,2.7593526361462857
613,1.7702945150204417,-2.578639502958099
614,9.224646426516896,4.104667395885279
615,4.43806555344874,9.899954656756886
616,1.9369631917286982,-2.5672654538765567
617,3.2356094107550315,10.402300048574139
618,-1.7342098117266844,3.8327614571187025
619,2.8257371180975497,-2.9523615594210493
620,2.941647653264374,10.82936513551072
621,9.992446307444425,3.7038129496492465
622,3.130960343990984,10.578928725962292
623,2.3009648415104316,10.97133664452402
624,-2.372907912903398,4.37726113939208
625,4.230994631688008,12.459910851392962
626,2.273017800889571,-3.007639608748411
627,-3.8803748054081986,3.6039907797843083
628,1.2409039863016984,-2.1756860511916143
629,4.072492111029937,11.12824087169536
630,3.50019705676729,9.808558514693722
631,9.992319610462976,1.890251061614122
632,2.2669634245376593,-3.0560021808065385
633,-4.010096500375178,4.8465343846170175
634,-3.5680397133226567,4.541992824219726
635,-4.258120718161678,4.114980087466914
636,3.64562760304967,-2.056075357809213
637,-4.014729097263453,5.432831716346719
638,2.794915178750154,-3.469217931584078
639,-3.707770912228966,5.43518994931061
640,3.23030205346375,11.8368321888863
641,2.2226563590729196,-3.425219680773973
642,-3.435426664310601,6.15597757682674
643,-4.7843260244297365,4.957984040945243
644,8.74012364410831,3.2063734454681705
645,8.702699114738488,4.301073477657633
646,10.748191424291148,3.3890295174424887
647,2.358116046233973,-3.422061581835214
648,3.5834727709005447,10.989427563976953
649,9.517272698571244,4.02686688650466
650,1.811755138526989,10.672693157501554
651,-4.736653686270136,4.819024585266062
652,-4.725338556126645,4.480269451085723
653,3.432515530517981,11.372885540901617
654,3.2041266479860413,12.913037827845308
655,2.919324928941644,-3.809496130715612
656,-3.1822911996279486,5.476323496642219
657,3.4172259687957656,10.016111560456242
658,9.949408963250033,3.819642922601863
659,3.2676703655324264,11.228866602212257
660,2.477302557705869,10.422809705151678
661,-4.108091459015819,4.222952792005219
662,-4.498507318969401,4.054919379627417
663,1.9035200142162014,10.854025427618224
664,4.240687348638019,12.481488890711496
665,0.8610801763032474,-4.043626778156638
666,3.6176012871563286,11.780358730924885
667,-3.599241432815427,4.956752990478739
668,3.1615068823121977,-0.4713795007616266
669,-4.556844350359573,4.576585775187626
670,-4.264883669219788,5.7704890900253965
671,3.7234574410977106,11.150042057578279
672,2.9375596399383763,-3.9473318860621007
673,2.3905343821464076,-4.884474017937701
674,2.823467530267829,12.313463984124429
675,10.083246406371504,3.071717566725585
676,9.941198787366451,2.6469457729534076
677,2.5569799149279024,-2.202943055608051
678,-3.968380113848775,3.9470852535908554
679,-2.930160520925983,4.173492156642395
680,9.296011363495708,3.705790830364882
681,2.763881761134419,10.524865030802468
682,1.720441639513812,-1.2936374264446768
683,2.112998033129208,-3.92057069295158
684,-3.772763300694328,5.570495966120345
685,3.487574260716938,-3.6002253306718353
686,2.9670965515955317,-3.622925101659428
687,-2.7344403115540974,4.291065473550261
688,2.1881207964987426,10.061108645672311
689,1.4076376815584237,-2.635119589263886
690,10.916763575113272,2.8255559512898443
691,10.260889394642462,3.1813234685865104
692,1.0831303136888422,10.191922257636493
693,-0.10759566343483096,-2.3762165795679904
694,1.5318820990180575,-2.9149974661591256
695,9.52590659828057,2.5848561121499145
696,0.9771390083571856,-3.9886329348483547
697,2.5886170370230026,11.213993402226976
698,-3.4676763560391772,5.436408391376533
699,2.48643642162836,-2.6388075187731532
700,2.2664385700119993,10.948144055957187
701,1.943196323714076,-2.3849655959179947
702,-3.0449537183214033,5.9715560153078835
703,3.5336684532570195,10.766748467253699
704,0.6843724815484413,-1.5393430349433075
705,-4.534487796870951,4.555372904093793
706,4.954447598563531,11.096734498641213
707,-3.992647443407849,6.1406517501110995
708,2.4508399603322872,12.04229356304895
709,3.384672778216797,10.740060179524956
710,1.4523476764452155,-2.6816679461710144
711,9.444008577290111,4.055781656744526
712,3.916203736151683,10.89412800156865
713,-4.2486723848208285,3.7228217784536195
714,-3.8034075536638263,3.9805681224350424
715,1.28444845134875,-1.4216081488758956
716,9.897326960012041,3.6224891885381227
717,9.666714379338975,4.232381276809573
718,2.0601298563876504,10.90426021576207
719,10.924529119356698,3.5459876826776333
720,1.0904113390340786,-2.7323307696353636
721,-2.7383867406869444,4.1717591100358025
722,2.0558949583337194,-3.6953208194028866
723,2.7999801839183207,-3.020426224814302
724,-2.38135674479807,5.119502306136937
725,10.22635090858753,2.970655876327216
726,-3.4567395403101573,4.72002674791228
727,2.4783930003926025,-2.4525216929929483
728,2.496846347701636,10.653694089369866
729,10.326119041211749,2.9186850934467654
730,10.286433077854214,1.2921463170275578
731,2.620322858690081,-2.591624948529004
732,-4.343951113290308,4.894447944503072
733,-4.452783845636251,5.264207118817649
734,1.8765352590643187,-2.683415803147902
735,-4.785834830725863,5.061250493286614
736,9.819185010313651,3.8706263173248576
737,-3.8522966015997593,3.872986321244017
738,3.510793284464787,9.72315687300049
739,2.94528025861884,11.24675486682394
740,2.897854854482449,12.24806845202922
741,9.60053860239765,3.5997605736663854
742,-4.589735353526858,4.7552721106443485
743,11.34267915763974,3.575035802774052
744,4.291353582817233,11.475637851981912
745,8.115708324627215,4.592992234674924
746,2.602723375798163,11.438403073421085
747,2.6947282204557697,12.75201018070731
748,3.687623042582862,10.782847961436985
749,3.0665490998422253,-3.1063982435190867
750,10.318262111850261,2.717236123189305
751,9.994669584194476,3.3115655211479718
752,10.566709840261753,3.5486393588485488
753,8.367315397773861,2.8948360542268063
754,2.1778741254554617,-2.4881864568913463
755,-4.1911086493035805,4.0363444218077715
756,-3.8418887086557585,5.9389361158004474
757,1.3008699992584336,-2.7904987388861935
758,-3.6807541082058757,4.577134625777481
759,3.034473665516513,-3.654650463081242
760,-3.4281001590467852,3.930842140855014
761,9.684128749704069,4.092237378503211
762,2.323759607595702,-2.819100346205674
763,1.7856993998943615,-2.0002979461394954
764,9.947654490534408,2.1171445339581902
765,-3.3796615826935317,4.9964867052252115
766,-4.218308624126663,4.92285267952734
767,2.3494117362953935,-3.9260675735087753
768,10.267282344212145,4.399577003469155
769,2.863605324874461,-2.98078602332812
770,0.760325092035391,-4.078576366721595
771,10.244598582629557,3.9046618543970886
772,-3.8443359193032243,4.3541893511669505
773,9.999002661964937,3.095156859933334
774,8.860832816756597,3.579251732130237
775,1.3246794147806225,-3.340320986791301
776,10.164771180649025,2.7711763744752638
777,-4.354076635504257,4.2468074612992375
778,10.57644079767285,2.2113389721437153
779,2.384204320204605,-2.4146886885036523
780,10.824006712485364,3.42531745648515
781,-5.062024882753521,5.339545843776029
782,9.995866861190198,3.411799109985976
783,3.5390289339510685,-3.147732310702579
784,1.892814511609256,11.425440984685737
785,-4.488974372962784,5.00685839170877
786,2.929801340372677,11.178947029421797
787,2.421750208050566,11.55829950804192
788,10.522060352966042,2.55857361757891
789,-2.280024065659487,3.4930373948472493
790,8.96472889401978,3.5995080031139968
791,7.854178873454354,2.5254809382901535
792,2.084235321577717,10.414637516461845
793,-4.352389677189528,5.9442696826245225
794,1.2850378612998792,-1.653209184011739
795,-3.490818177945519,6.349980897317746
796,9.38947938012699,3.300128966232851
797,3.439907384983081,9.367047815724971
798,8.764746564530247,4.784417228537475
799,-4.5704403692359135,5.866873615334287
800,-2.9051255713338495,5.381521886017034
801,1.123561060549084,-3.46405514197504
802,4.518951164014752,12.240010385002861
803,-4.486037158810432,5.071655056228173
804,3.6591931524499985,10.993511247992842
805,9.246460574102246,3.1787120766580492
806,10.534843319537377,2.941518134777239
807,2.262982512273948,-2.6870662202323845
808,4.22022984765289,10.905936690570387
809,-3.49415996919707,3.563385585088473
810,10.363136931466961,3.7398712704817183
811,3.728995074151158,12.119200264220634
812,-3.685371001035258,5.580535922955501
813,3.2957270048238807,10.173059910420244
814,-4.385139443820003,4.091621366434485
815,2.7508577784269805,10.222984627865
816,3.5954556035257066,10.447227245262383
817,3.3158850036060876,12.04019787772547
818,4.281185632215551,10.306252782116822
819,-4.616292868613672,5.041236163974461
820,11.010830206614344,3.17562352033558
821,-4.944993956596963,4.8728289008929675
822,4.0096143399015745,-3.4310339917133326
823,2.661119190626379,-2.6347297127750506
824,9.037267872870713,3.5342025676047673
825,3.490393937375595,-3.957403535349552
826,-3.8299317072200183,5.130252859456316
827,1.4969484057500115,-3.256681503185965
828,10.989964227092333,2.559692591644625
829,-4.388091035544846,4.9501027352021865
830,2.3341490335283446,10.76677476156241
831,5.0348391910163794,10.465212891548653
832,9.468150457002272,3.3331701075870805
833,2.4435190834270957,-3.9256219075958025
834,2.340451339944345,-3.2827949838963706
835,-3.8305505643729516,5.287548549209159
836,-5.6039076348361245,6.951362309812929
837,10.891062188414342,2.8197607586864364
838,10.253338598976978,2.662733772755408
839,9.759999657736245,2.5403216995812974
840,1.1546383297946972,-2.9632237365808427
841,3.2840404243381864,11.730175976076907
842,-3.6753110365964377,5.657554002674573
843,-4.873525922060279,5.492705212833018
844,4.214489886021914,11.140753293750075
845,8.616951955006483,2.606161592243608
846,1.5701684825947222,-3.7444035511109175
847,-4.824476004521812,4.815125396870409
848,10.75176814899178,1.4344882406057762
849,-2.7616021325707028,6.549384924916554
850,3.6600585463800295,9.861849974473
851,-5.606580752906876,5.550060310913526
852,10.20625514936009,2.8875070735793504
853,-5.07779103267648,5.337298482081129
854,10.502457100916438,4.71133912390806
855,9.623644250790734,3.1595512293616252
856,-2.9293117258182204,5.232887325552404
857,2.295115815725681,12.888228111935096
858,2.9921872072286133,-3.5616137833856683
859,3.588980571759,11.012449725548555
860,3.428578278761986,-3.33147712728069
861,-3.616186069088322,5.145609902025456
862,9.64443281791897,2.909360115537829
863,10.071862278116967,4.484104937373562
864,3.6530700098914206,11.210674057372918
865,-4.906357914338466,4.987776077447887
866,2.2949679176159963,-2.312379445126564
867,11.030582641694558,3.5465212419093928
868,2.053099413370309,10.63898848107582
869,-4.133374918801634,5.4563337108792584
870,1.6042790567743235,-3.252554758672187
871,2.6369292706742025,-2.2605049407529063
872,10.34361388638038,4.243011306403895
873,3.0569567744402377,11.121236039212711
874,1.7323791823403043,-1.429928413117091
875,1.146835225022666,-3.742689559739052
876,9.3904549369502,3.5168407923836877
877,10.183858755001593,2.0601981965607337
878,2.5381326764855214,11.302011250015676
879,3.40393488712156,-3.804465761214347
880,10.705019724620861,1.4845182890569477
881,10.265226524628986,3.5191776129876167
882,-3.6829109296980653,4.708868843621767
883,2.4662599417591498,-1.7794046249889317
884,9.993280216449472,3.034700856064716
885,3.1644228954630886,11.557644138633
886,2.2493444205107678,10.193011089420327
887,9.57363347300942,4.136481575758295
888,1.7361501091633964,-3.5332107946367044
889,1.3347859976365628,-3.340640627098852
890,9.115883314903973,2.503270981152419
891,-3.454656860040325,3.63680966208869
892,3.2295657639423476,11.55050074153713
893,-4.316636758361993,4.125744573987474
894,1.8373442195192629,-2.014323517116977
895,2.571638880680665,11.94533895665871
896,10.26015917918896,4.293214928670721
897,2.1482496825174433,-4.191036830625907
898,3.4303756928009133,11.637322951703498
899,1.4350485222183742,-2.766418603423764
900,11.598592082376383,2.880946538969345
901,0.5387483540392648,-2.800153001509419
902,-2.349105091125517,4.58311740041747
903,3.4020390761010493,10.529604182801853
904,2.5884844732108903,10.964921715635754
905,9.031961770714176,4.099866052092638
906,-3.9938079086357474,5.532369072989443
907,8.45386024599176,2.380449490765735
908,1.8155420619599,-2.781325255523668
909,1.7275897549722816,-3.022920265752834
910,-4.081979241580078,6.042241998183071
911,4.000639660165128,9.563191832012002
912,9.187655776986295,3.5711300508603343
913,2.0423617586207734,10.306521185194704
914,10.379260252386077,2.1446194777310894
915,5.005425101463432,-3.1731927425640816
916,2.938969328482303,11.413544583337014
917,3.5373981619029307,-3.7011374547316143
918,-4.342174684180256,5.483629789955409
919,10.636932912429712,3.208509085475138
920,-3.5645463157973976,4.865985348151681
921,2.310834329422125,-2.7844622433555277
922,10.110273604354578,1.8353720345516875
923,1.1330593362544314,-3.1514622491887807
924,2.2946688296410356,-2.5923473950377334
925,3.3083222138780135,10.707412910352916
926,9.487569174155055,4.520545776194827
927,2.4014019091789365,-5.197914193932195
928,-4.818617346547038,3.5856031272569253
929,1.9765925762958791,-3.6375905451883863
930,1.637239539874808,-2.720659899379706
931,3.394084671729013,12.258859166688119
932,10.077890973907193,4.114082311589775
933,-4.730779681445346,4.265881781401729
934,-5.275458360409775,6.061130314662158
935,9.9212459120551,1.7840660257613237
936,9.457669596484745,3.1393451062350906
937,3.6246782310456966,-2.5724526326124586
938,8.88366023464073,2.0771450487776493
939,10.308883036363484,4.079259550675272
940,3.4253642619897415,10.695976098282863
941,2.366670388726552,-3.6940540636082897
942,10.667514852489578,2.45046138692819
943,8.380343881461558,1.818906401243262
944,-3.479441318609358,4.177251189134118
945,-3.7223325962069604,4.4954781564068895
946,9.827399583718398,3.521302301030749
947,10.553180083929854,2.6459490221516306
948,10.33950125756152,2.611899900502092
949,8.691364154089008,3.418725027466544
950,-3.1627483822993283,5.2292924107747405
951,2.0869806433127573,12.318677967003495
952,9.866585794183159,3.654180321544617
953,2.3116623980010735,-2.4826385615016076
954,11.1143551473674,2.5758840743222455
955,10.355241153036424,2.9674763581614183
956,9.123204623352091,2.3404095117110426
957,-4.38305723692224,4.158682187836655
958,8.196372070839256,2.368756093286599
959,3.914243586408568,11.657864202648234
960,8.174372587154481,2.3531996647027777
961,10.926967542737643,3.3659416906774733
962,8.906321076635507,2.848264428464954
963,-3.600074476346665,5.630860981350469
964,2.6455637683410327,11.41257691623756
965,-3.97628698220211,5.7057175153559285
966,1.85956770335403,-4.114526631188196
967,8.259894017077812,3.2330232550873155
968,3.7740961078377824,9.809760834554643
969,-4.989025976115505,4.209200767641534
970,-2.6044279578080167,5.038186133079326
971,2.742767281079201,10.10950378925585
972,1.6530586535127085,-2.2363380244891418
973,3.8255425002943366,10.131540961680528
974,2.831508042422064,10.24584399977102
975,-3.17986020349111,5.86505229962685
976,2.2180802446830277,-2.6927991531953905
977,2.0052106842548687,-4.129946587443365
978,3.338760524148702,11.157567025745928
979,0.08638406932061105,-2.160649172747264
980,1.6001628699661734,-3.3797744428132424
981,10.26222081278401,3.325617400024105
982,-5.138413690052446,5.499446694178733
983,2.207043473228481,-3.724771104857249
984,-3.3318592218226244,5.01290777560041
985,-2.514699562210283,5.32292528732031
986,-3.0447432898339675,5.300270147196466
987,0.31467860347357246,-3.7232138753307256
988,3.3305331625696524,12.540501530541803
989,2.8946031474126563,11.433992632987948
990,3.590303678737771,10.955564167308276
991,3.652417094380677,12.3454792589536
992,-4.503254073131917,3.2543824671557937
993,1.9642849027908933,-3.005516919820929
994,3.256111021081462,11.669749400380846
995,2.6996354967346536,10.585784989972888
996,1.868152094622703,11.0172414312925
997,2.197076267659983,12.143683018086046
998,10.431396301255017,3.4131841275625767
999,3.3226460761599013,10.619017453570072
1000,10.2861402928515,2.9625153379956966
1001,2.6616966879224817,10.823587401544996
1002,1.5917667019081587,-2.7593279981211656
1003,3.6488804514282878,-3.8269926280695135
1004,2.577646541679144,-4.237745464990112
1005,-4.437502732115983,5.399056192461633
1006,3.197270033915009,-2.1167732565682424
1007,10.02836520206068,1.9897409603379113
1008,-4.674487901068941,4.957333541922867
1009,4.071146015648773,11.368494280460538
1010,1.4382468799597623,-1.6719331806050404
1011,0.8303811990682004,-2.505451618826821
1012,-3.8218936405017168,5.8427144776309605
1013,-3.638910967366149,6.139797005949572
1014,9.598352897784627,3.9615774367113126
1015,1.1393206724980043,10.673194028474514
1016,2.21906229396901,-2.0098872170261046
1017,3.3305600183802735,10.434215042094522
1018,-4.341128627747264,5.585487120874854
1019,11.05383193680553,4.211566040775864
1020,-2.794845712877643,4.24458272569172
1021,3.6083865552050565,10.490509540386187
1022,3.0820597394755618,9.483538716979616
1023,11.11134143767891,2.5125357127467196
1024,-4.96023035850444,4.578656928600061
1025,3.444470022284931,11.510944779449229
1026,3.1796519905023746,11.312185326889722
1027,2.05798528714316,-2.1977453290659072
1028,3.471278860333284,11.456457074245264
1029,2.5868812071880187,-3.402285953032919
1030,1.2529198009069669,-3.535777217424318
1031,2.303637885627143,11.24314003856934
1032,10.354967075833263,2.9526270703293447
1033,-4.411065050128833,5.559521635265607
1034,-3.1508214854487946,5.213082936855324
1035,9.638491953440063,2.191449246462772
1036,10.627056502512884,2.78044979139445
1037,-3.687688617753511,3.9646577850762093
1038,3.2934472317696395,11.732178375032593
1039,3.776692278721943,10.124524090541762
1040,-5.015263815524066,4.415189960994012
1041,9.58481092158521,2.8497966822807705
1042,10.204962538017593,3.4887828648337678
1043,-3.079725487331125,4.260342587534344
1044,10.620984372435421,1.8687332721384065
1045,-4.813193385073475,5.860788774793003
1046,1.4651586854037881,-2.7329319004235795
1047,2.7577901406699166,12.556065220980098
1048,-3.0483961910803186,6.036515661798937
1049,2.123436702355831,10.629673181424652
1050,11.213921754418369,3.1405995523082826
1051,2.433999452847017,-3.9720894846499313
1052,3.257821098106562,11.54672476761371
1053,7.341647728857904,4.545367598037368
1054,1.6442439016473371,-5.45973760604445
1055,2.586244901097719,10.953816989411521
1056,1.7440256565133303,-2.6565239488591628
1057,-2.9809965767829496,4.529694518706663
1058,2.0654092921388116,11.420505275875884
1059,-4.02854327648169,5.461421488598627
1060,-3.532853084750271,4.601936299843359
1061,3.0566761267970053,11.03675242823267
1062,3.088448321536322,10.559892448504817
1063,9.595102319443471,3.5956418285959595
1064,2.473925155306373,-1.6188330243418867
1065,4.002051890272816,11.363411209564328
1066,2.873820402858974,-3.2038883334368546
1067,10.704036399062824,3.1032063097302838
1068,3.968292798193134,12.479104552102546
1069,10.36745998175572,3.225807576054586
1070,-3.846280906656543,4.382382490429807
1071,-2.6565517903442863,5.5104819662848525
1072,3.295036143849574,12.282458308293679
1073,1.5710788055437952,-2.0657760191226817
1074,-4.370023555450172,4.98822127636585
1075,2.5777166293609746,11.826939714315703
1076,2.9665452378950388,10.54263536191933
1077,-5.34192646825742,4.111406972730721
1078,9.375359247045468,4.979516707737569
1079,2.9766209608717396,10.65809911937029
1080,9.05440433760507,3.8132320176538292
1081,1.5714141347450012,-3.029378090446063
1082,4.674464392619951,11.01177220674484
1083,4.106837949659509,10.217511955963927
1084,1.1915221307994182,-2.086199619699282
1085,10.651850529387541,3.042147294743331
1086,2.1938442054683485,-3.441933646258354
1087,2.6031099046505215,11.282529916282138
1088,-4.095584729911345,5.04537249739062
1089,-3.479783677831974,3.5870029963455456
1090,-3.3001348479204897,6.897445051387349
1091,9.051760227085373,2.971539892039928
1092,-5.173345290087651,5.71864041003061
1093,-4.135437854596973,5.644674340956434
1094,1.5198706429466782,-2.5530146951896664
1095,1.5600123962401105,-5.058654828712809
1096,11.184777884964236,2.9384616425150907
1097,3.2658031505745146,11.929984153135191
1098,3.495943999142681,10.638718670454086
1099,10.618967946133143,2.23736861127348
1100,9.789116292002186,3.4832881358490604
1101,10.224765554591563,3.1371168658030135
1102,-3.4622225597226155,5.113372898316923
1103,3.1840654176350274,10.514523265621209
1104,1.0073472445772946,-4.0273097865807514
1105,-4.559483987757224,4.093979117985766
1106,2.860038203729514,10.444254334137634
1107,10.109504963547648,2.1752421987483923
1108,1.1339921307572256,11.920711404837283
1109,9.204628734888228,2.3163475620128424
1110,10.644055651709976,3.6077144753417123
1111,10.476027472428463,3.3767558529192305
1112,3.5866628314771285,-3.7191294460382345
1113,10.800538814918943,2.872486634260659
1114,-3.576172438008736,4.307960124575751
1115,2.1295559287595065,-2.870103475503051
1116,2.566325462597936,12.320782052065326
1117,3.499436724283345,11.895165265926813
1118,2.596213924021572,11.325650048864494
1119,10.40151853649691,2.880420612998577
1120,9.357111981489279,2.369672102755056
1121,2.4639452713287073,9.745274836746148
1122,2.531333433805199,11.762788770564084
1123,8.45827349293053,2.7700688352015086
1124,2.714849505282375,-3.1601104954994783
1125,3.0346387588227324,11.668526560170058
1126,2.1288204613057222,-3.5184996580154912
1127,1.2271387475955668,-1.7831859030673936
1128,0.598281783865459,-1.6529576248956857
1129,-4.681172970249284,4.6439304856468935
1130,10.017355868657075,3.321065843546659
1131,9.615617390249811,3.3093866925081423
1132,8.35961474019436,3.9589793881039244
1133,2.5986293820329633,10.847259587168422
1134,3.759226341097813,10.618855770454207
1135,1.8674603604130686,-3.7613300562787364
1136,2.9397285756670897,12.722192119739663
1137,0.9701578705500118,-2.7488528476268663
1138,2.0784006677979026,-2.814582465901205
1139,10.636330332946404,2.1043753918028623
1140,1.3310186380102182,-3.135194361881016
1141,3.1142237585130643,11.255111284537861
1142,-4.782738337748141,5.387504089841034
1143,10.983595105968112,2.77088525140579
1144,-3.604685076223005,5.51055764129557
1145,-3.164208765949533,4.585949725487015
1146,1.635707912346509,-3.1927451460814162
1147,2.8562282494107945,10.988708149575842
1148,11.247520140876889,2.0551025102615648
1149,-3.082110821553445,5.352132983705687
1150,8.558039323044994,2.6352074377534134
1151,3.025154158494057,10.82354446150138
1152,3.5553668668403753,10.00624732839422
1153,2.929671937769474,-3.3386163578208836
1154,-5.238263850405696,5.476924006087246
1155,3.2054861224908042,9.797160010524294
1156,10.446218922264329,3.398816828241274
1157,2.432657559076791,11.042628263323625
1158,3.75790964032041,11.75103956978484
1159,2.773745272183569,-3.0831981852219847
1160,3.17206318814007,10.088417131246985
1161,1.1018891667429886,12.295489477430458
1162,9.913653194863072,1.6307464284998887
1163,9.304485750941986,3.616078125381883
1164,-5.425407710595356,4.399105069612105
1165,-3.2342183033133756,5.1433102689282215
1166,-3.812927908737779,5.749507513390899
1167,2.2442240270209366,-2.665254295976754
1168,3.291581099091146,11.585165286406685
1169,10.6903090491951,3.278741722334054
1170,3.3552220126759416,12.178875152360492
1171,-4.497016710050361,6.078384331579558
1172,-3.745418391151598,6.414498582254431
1173,1.6229758111895347,10.323104065355714
1174,9.962736892325248,4.8773792593581495
1175,-3.62938827501242,4.311712447241096
1176,9.596845633143047,4.003684136790457
1177,2.0479691842045518,10.737358684853035
1178,9.796471726527244,3.0435200933672135
1179,3.9867670967056563,11.458723731302026
1180,10.402243561625554,2.540555014841841
1181,9.909870206972323,3.6897184249677553
1182,-4.087337548007838,4.875229714999194
1183,1.9752064121486854,-3.145067030284545
1184,2.217925838513027,11.54844670285171
1185,9.913827875573299,3.641047679880952
1186,-3.4076944998035237,4.8482461134523
1187,1.871859777690136,-3.902967492929647
1188,10.804026576174614,3.8944694092790235
1189,2.2302457636789557,10.860714336475437
1190,10.40700556383418,2.7830155759618576
1191,10.789113388450637,1.8357786525747148
1192,2.295794272421484,-2.7116489984151064
1193,-4.028102501613973,4.203443235067441
1194,2.2201158248869306,11.127951692113765
1195,4.174301558252115,9.658857152486684
1196,9.521608643940889,2.0022108810195434
1197,2.519086926512688,-3.436005225166521
1198,1.68546476298995,-2.586792898153333
1199,2.7719770598284454,-2.1572522476823583
1200,3.8238732018178028,9.860804222821915
1201,2.5416288404311307,-2.8591172889157317
1202,-4.853700272171896,4.954387096578277
1203,11.58480102070807,3.6902607151172253
1204,3.1650897881100137,-3.622640502198189
1205,-4.951447653225555,4.71668503807158
1206,3.099879938821788,13.474958374029832
1207,3.486810027557788,9.45214570639279
1208,2.9533220879509807,8.780208955054166
1209,2.634011699422851,10.364160469596756
1210,2.376808913518285,11.95132446394344
1211,-4.518864552495431,2.8257687714686326
1212,9.612155561008972,3.095212266759523
1213,-5.284472488875881,4.637990724808861
1214,-4.868444980294154,6.788020869922468
1215,11.110614892751927,2.76036724657367
1216,10.29966692157816,3.6306900578645127
1217,-3.9617072209702986,5.396201953817325
1218,-4.525116046324099,5.134136930889501
1219,2.1313169708586854,-3.011178944728908
1220,-4.019486026837679,4.924343131772548
1221,10.462830889002388,2.1772544155191595
1222,2.920372833029877,10.173295238716033
1223,4.1739782444654985,11.026491007176054
1224,2.797135940089156,11.57191400576235
1225,-3.5103942978645186,4.905329514497071
1226,10.19596095994836,3.2817001209313923
1227,-1.9923044826180605,5.317362106421438
1228,11.34309899632181,4.732776667600276
1229,-3.47246207812166,4.146715365431519
1230,-4.478385850335782,5.599224825744001
1231,1.6431867246141887,-2.9167016398453214
1232,10.406121707619464,3.0001927287102257
1233,9.972660511042339,2.382876635828244
1234,2.3405498112979646,-4.201778283878133
1235,-4.624740490409237,3.848360419646749
1236,2.054184509739371,-2.81933367318114
1237,1.910641234108567,11.590000309550874
1238,9.877328691381129,3.211096046932158
1239,2.633100428493575,10.744077385259505
1240,11.99309449939551,3.2361874089781426
1241,2.52248865253873,-3.4344946869188475
1242,10.008813559359751,1.0936694424445952
1243,1.4186733727412761,-1.9119670970250977
1244,2.3693656300633514,-3.6026022898470607
1245,8.630330145030406,2.571005148740023
1246,-3.905372137538771,6.1831250280065495
1247,3.9580852703879854,10.585704104562861
1248,1.5609426441497054,-4.993601664004635
1249,3.139808537765666,11.513192556468134
1250,9.092709973102464,3.832754406980187
1251,3.3124302285702836,10.721378449851981
1252,2.2489516372926275,-2.451885710217199
1253,1.3915489230090883,10.610230851989687
1254,1.8007328640858091,-3.110799905766666
1255,1.6345662126273486,-1.3367949037804
1256,2.7559616718303777,13.056457556524336
1257,3.5331113502590643,11.598437957783554
1258,1.5433259214001815,-2.7216029490882367
1259,-4.776258624118221,5.120120180221328
1260,9.921146060186228,3.2795152938474605
1261,2.482349642255895,9.472184641264784
1262,11.674549673321383,3.2907803050153834
1263,10.011473803654654,2.7771907518726273
1264,2.753056344013637,11.632317681904418
1265,-4.142834392160224,3.7009483019557843
1266,8.961241477039497,2.949928312912872
1267,2.6675908949298393,-1.755408133315127
1268,2.8254873188625123,-3.620293746579928
1269,2.2427308811186055,-4.478120327303889
1270,0.9755425835447633,-3.3486744979490948
1271,2.4186878229313806,-2.8590756820941996
1272,-3.3533241854589644,5.535047715512412
1273,-3.9200525539419866,4.9826572779475296
1274,2.225981231835376,10.584292332906376
1275,3.375703073421973,-2.7815769258966037
1276,10.753228923964556,3.5112298163479667
1277,3.262427968165517,-2.0397364478353457
1278,1.041426016521223,-3.1708722486580467
1279,-3.527379164820936,3.737360161056005
1280,0.30115327930573343,-3.1921259092100938
1281,1.2584018933198786,-1.4073079240871627
1282,9.904998139334669,6.2822801970933675
1283,10.61043521518172,3.6287344094616105
1284,4.202347320572218,11.520394761150838
1285,2.9481551656141383,10.737739729848562
1286,0.3730296523037,-3.364301118880744
1287,2.1837092330023933,10.423702212415535
1288,1.2576338227546913,-2.1384055058308267
1289,10.7382299907063,1.222582420244578
1290,0.7539818779900023,-2.346501574961326
1291,4.479456937438862,8.544670008161674
1292,9.503776134883012,3.7546127904379696
1293,3.2339989932847,11.225993311787853
1294,1.8120189425378608,-3.0488551702391007
1295,9.787487802477306,3.911990342303995
1296,10.195139547006992,2.5589524000579638
1297,2.174158447545673,11.161097306881441
1298,-4.3409668372451184,5.162333836362765
1299,2.3570083424022137,-3.7423318365649036
1300,2.090683946797539,11.693550332908766
1301,2.02009028634608,-2.070856251740172
1302,3.0217587934737486,11.05811028990252
1303,0.9086040940208486,-4.02523650433461
1304,2.542219680215282,11.256899796463767
1305,2.9011566531945676,10.784272872889524
1306,-3.669787191608307,5.724725391601517
1307,-5.212951306498648,4.929312729678432
1308,-4.0099649810042735,4.954317734829068
1309,10.769931388668676,3.1792410175517474
1310,0.8724916222566264,11.083880090809155
1311,10.142705349304508,2.231750895437977
1312,3.335915442513108,10.207022985314241
1313,10.610948119291917,3.2305440357473563
1314,-3.817705366628224,5.645203466385153
1315,3.351942422095738,-3.078353903376326
1316,9.832534539632055,3.011624489732837
1317,9.61590102276991,4.841142507797366
1318,-4.293672582461428,5.979870212199847
1319,3.82328285855807,-2.141968456889216
1320,1.9324933272060865,8.856059700126652
1321,3.7865760108506663,10.937546630129622
1322,2.031918513639304,-3.739543717289157
1323,8.15231148293628,2.839616007170419
1324,-3.2600690031050883,5.313844498691644
1325,3.29955894813188,-2.540528527841741
1326,-2.944290605112453,4.427128257028355
1327,10.657960900136434,3.247816624022206
1328,-3.1420415202302436,5.440785966146797
1329,1.008724481486662,-2.7760064591162137
1330,-4.329541106480559,4.483601996389633
1331,1.974273200251361,-2.041748074351309
1332,-0.2378518364988258,-3.116897998824327
1333,1.6592641867727784,9.762926315157706
1334,9.021525814310479,2.9886189942805403
1335,4.242166743967872,11.608407263594442
1336,-3.1607374204039003,4.371966614037363
1337,-4.131198373123358,4.714036670589563
1338,-3.951797033035672,4.477881121845949
1339,2.8875033583317955,10.559124084349257
1340,9.723269982855108,2.5208709198715864
1341,3.897871769492871,10.46357480083587
1342,1.2932499044287313,-2.1647372620888348
1343,-2.929980568298626,4.575957052911703
1344,9.342965868969454,2.9069909390574153
1345,3.112997444174562,11.431932447861753
1346,-3.915188673848465,4.801842906471202
1347,-5.281085236012336,5.16450090336706
1348,-3.8009711764839063,4.766821789221634
1349,2.4977071943893923,-2.1305707696835086
1350,2.951833907925403,11.503795872553166
1351,1.1983765329050358,-2.472441701296189
1352,3.1866556975253943,9.936456771017351
1353,2.4298877389308755,10.099072987547316
1354,-1.3653431887505842,5.24624787700818
1355,2.6381711248698654,10.790056807079885
1356,2.7333839328280054,10.861066276265142
1357,-3.576345789691035,5.890721906913326
1358,9.353149583113826,3.8505380307717796
1359,10.986838332962963,2.9758774933887566
1360,1.6742291804118217,10.944156504751513
1361,8.970665913524178,3.477576929854842
1362,-2.9487288055201644,4.446553474524188
1363,3.714070141719485,11.38904790854832
1364,9.431570551591987,1.883661639787394
1365,-3.4357607500754073,4.665044991083567
1366,-3.1733628703490564,4.575360319747327
1367,-3.5751370171331724,4.661206176079442
1368,3.2323291975819166,11.58630127928328
1369,2.6407770716575634,9.734366979502806
1370,1.1790515017533725,-2.3926457355980277
1371,2.4777943116389967,11.036404689925792
1372,3.6356093459497654,12.54563558525509
1373,1.7765520010052307,-3.8693611572794526
1374,3.135942878132822,9.578081026157502
1375,9.730330119157943,1.7840685906000437
1376,11.097038612316407,2.077690574703385
1377,10.816039184087131,2.7990685555722137
1378,1.1559330336297975,-2.703192107659371
1379,9.511479898746712,2.666695832625058
1380,10.772145695887062,3.461557995127933
1381,1.6039659341372534,-3.5573272540739724
1382,10.284022754547369,2.9809635217918933
1383,10.770633775258808,3.526541768243646
1384,-4.1374067007851405,5.576280346780496
1385,2.05630429644267,-4.229942682316832
1386,8.746897344198125,3.2335802772317384
1387,-3.0367499542459906,5.512416581181482
1388,-3.1426390799971617,5.398470902840983
1389,2.6519033644428145,-3.296363257674515
1390,-3.9024587613954513,5.847912559176281
1391,10.44531417114203,3.1671502981070914
1392,8.498989447026657,3.1100178849600093
1393,10.140871283257127,2.2336181060540627
1394,2.760631983503032,12.080347840596097
1395,10.922939605703029,4.037853706762906
1396,2.8242364197227126,-1.9638077664912381
1397,9.75255434249441,2.966528845117038
1398,3.1875026412376846,10.244750261962146
1399,3.8029250877088323,-2.1681113733183284
1400,2.4664635672755386,10.957987310305498
1401,2.1099582692575716,-2.7271904646352816
1402,8.809983243942913,3.2395605471612665
1403,0.9298780937819948,-2.8840352340965882
1404,1.79902384873304,-5.299584845208261
1405,-4.429409429560904,6.212285121789269
1406,-5.058830734934972,5.467147359601931
1407,-4.5728998119793305,4.41929984137742
1408,1.307791750374263,-3.5221106632962504
1409,3.84596341684587,11.035835344277594
1410,9.2574467258207,1.6842911165488714
1411,0.7884233495643269,-2.702725307627144
1412,-4.665065118505611,5.471217052022133
1413,1.1218452553519538,-2.4696664019331704
1414,10.893487088835647,3.8653199635933677
1415,11.369964443985658,3.6918336145252884
1416,10.081667982489382,4.192536388577173
1417,-3.995746433629582,6.04788262613224
1418,-3.8649813325432527,5.291793365573314
1419,9.9981522189213,1.8658179609598957
1420,2.9227588858530034,-3.3677098815917788
1421,3.2363238866944997,9.398120513598547
1422,-4.368455229256442,5.63305136772241
1423,4.54944264922109,9.981242955144936
1424,-4.101818600984023,4.631680789683483
1425,-3.8581836232971427,5.528787609131097
1426,9.234901130465346,2.808232428380516
1427,2.889706124988727,11.430465006704368
1428,2.8240323981173803,-3.523870760585445
1429,3.407648300147695,-2.893753284298432
1430,11.063144473055946,2.7973518054617363
1431,4.480794505335911,10.69472436651352
1432,8.942115596947705,3.4310616387857054
1433,10.782089383435714,3.672745347628041
1434,8.68843377372196,4.0162924962415225
1435,-4.161337451753157,4.732981415605675
1436,-4.309015764496439,4.409084181213237
1437,-3.4045481487011253,4.507828001099264
1438,2.4036016008198424,-2.983384025360091
1439,9.772177885417229,3.599533732994217
1440,-3.643976179452409,2.184587699598682
1441,2.0217990983119343,-3.487469673976524
1442,-3.8086585487983324,5.969759391981533
1443,10.184919061613863,3.5999018473383035
1444,1.251750241529869,-2.4495528056097275
1445,11.397475130339478,3.734863495140072
1446,1.2309021600881251,9.476858362798929
1447,9.935818687432484,3.023354825992111
1448,-4.250730775196046,5.436766773057481
1449,-3.4034316118417434,5.800072159907649
1450,1.721693510963812,9.815131384373021
1451,1.8234080115553888,-1.5527866423744385
1452,8.768544046120464,3.8879458031380163
1453,1.8520819799129458,-2.5115227686090735
1454,8.226568941874351,2.2835368601485024
1455,-3.2156475878491033,5.844981580800335
1456,10.212116373604522,3.1712082233253436
1457,9.52368488103611,3.3693603892559696
1458,-4.996260195722625,5.536509748753165
1459,2.5744612100333097,-3.256980993708746
1460,2.7496503156498173,-3.2642492039863837
1461,4.470766663867757,10.690792011998699
1462,8.855341531003642,3.7915195897014713
1463,3.104850593444455,10.701524052619419
1464,8.531327406627433,2.3868107244190595
1465,1.306336047545096,-3.6732941201521916
1466,2.9242537242907067,10.76402173241371
1467,-3.9745526772941493,4.786386862843469
1468,11.199256347454233,2.523950683080373
1469,2.313807718550485,12.06161694747258
1470,-3.3729556811391865,5.711694235463149
1471,-0.277311433359237,-1.8778765939212398
1472,8.816005433310616,4.959361050590622
1473,2.8073130499860373,9.776868961498206
1474,2.7762337720391095,11.937732826287366
1475,9.9827722016919,2.348576018369052
1476,-3.929549406626086,5.2665163031106115
1477,0.9391030224744015,-3.0008046570235534
1478,-5.583495896380825,5.844645847284496
1479,-4.134270047493913,3.528858309134315
1480,2.4799736178318805,10.822430788858288
1481,-3.9662833448778114,4.952924465550134
1482,2.9346434457711323,-3.2315061459679737
1483,9.115894436654026,1.8930416670252666
1484,11.855164323409031,3.6450394970276223
1485,8.303321215745811,3.019794642568618
1486,10.66416650022302,3.475854085027052
1487,2.780768028208905,11.771968610833474
1488,-3.8155961425866143,4.531320069587276
1489,10.10859865671163,4.043196770410534
1490,2.7509386023458595,10.447550547077556
1491,-3.7532798767848674,4.8083953270007616
1492,-3.6558952397904867,5.490143522184132
1493,9.831327026690028,3.6726322400466733
1494,9.95767190405852,2.131440586387667
1495,9.643277277751805,3.110165414353743
1496,3.01362708843306,10.508542443946897
1497,10.725070500715162,1.857003776806014
1498,2.638910793596846,-2.8465586930932902
1499,2.139714268657345,12.139721687789109
1500,10.56962090493548,2.2173415209876053
1501,2.2930765661483252,-2.2232332144510027
1502,9.119426083743662,4.196869145275578
1503,9.9350107417638,2.7999164711156994
1504,-3.9349382569021607,5.842876786373469
1505,3.542377795491543,-1.7737438351480157
1506,2.7862931815579395,11.224700379563744
1507,2.3813192079038683,10.237477176836531
1508,1.7497853482353773,-1.4883448148908744
1509,2.850981279793525,10.843159386127263
1510,2.8210025007730706,-3.099130664806227
1511,-3.916857873723538,5.3059677107223076
1512,1.8478374114142566,10.759536290015886
1513,-4.781841776235047,3.98502398708537
1514,-4.585400026823747,5.606110202407805
1515,9.856244254696284,3.556822216027838
1516,2.374054475619155,-2.7454290682218647
1517,1.7499573343156933,-2.6654638097116217
1518,1.7191251366171487,-1.9119624666682322
1519,10.238886078137073,4.1062594686979335
1520,1.6617276735660629,-3.8384525399078973
1521,2.462203112661931,-3.823267292897024
1522,2.66255365735536,-2.7006870608603193
1523,-3.8791302963086904,4.84377448798196
1524,1.9669426185858585,-3.1399109429436947
1525,1.9135723095758181,-3.211235059862149
1526,1.6629495516505362,-3.3475586728890345
1527,2.1020550004649357,-2.5763541249834847
1528,-2.497263693835494,5.673014126133041
1529,1.1396172656701449,10.070244026331718
1530,1.371688421813942,-3.405911781944641
1531,-3.2339641250222773,5.033072796421429
1532,1.3278108345196924,-4.261484507400005
1533,-3.903579966292431,5.513773566900055
1534,2.372895600798998,-2.526381849470642
1535,3.2420534757656165,11.363177348507438
1536,-4.413257856790461,6.102235531391248
1537,2.1311556175367903,-2.9265231312171833
1538,3.0047244850588988,10.521257947353872
1539,2.6393369418863997,10.382072411179053
1540,2.37875761492843,-3.2082118720579156
1541,0.9256214995909675,-1.547271904724893
1542,10.07644948115333,2.5831146650883476
1543,-3.552477327770149,4.561002622382573
1544,-4.669434455160037,4.359492935531909
1545,1.8602569659990036,-2.9801413066402698
1546,1.7147390801853146,-3.0826328030449863
1547,1.445307001578375,-4.294855348306423
1548,1.675097056678474,-3.8041094372730733
1549,9.208914615262088,1.5309423163663871
1550,3.3947820520038023,10.35444668076095
1551,-4.051638352732926,4.295605797353948
1552,11.550333115584392,3.579561580997829
1553,10.129505153178401,2.983802940501515
1554,2.5180663765926306,9.334297951812447
1555,3.066479103042592,-1.0972759162335572
1556,-4.22030644288088,4.326259871027304
1557,3.624980977391509,10.127461685434328
1558,3.4067107348009635,11.390525048957926
1559,-4.063645115924664,4.404614516594596
1560,-4.5796526073185175,5.422837986266023
1561,2.0273315924043978,-2.2963058200090574
1562,2.500905499236847,9.78753919789075
1563,-3.8950832423737705,5.236128302049167
1564,-3.235728393425476,5.382170645350239
1565,1.4685215307217319,-2.5393277336983413
1566,-3.327752203098723,5.171085261590493
1567,2.0520565595824274,-3.1890043582718106
1568,9.76215607336825,2.072894701447017
1569,12.883390361646578,4.026198114105622
1570,9.007454199188635,3.634076818752501
1571,-4.337617847578274,3.728817872569718
1572,2.6438502152673014,13.117395007773943
1573,3.180810842385688,12.500320310323787
1574,9.413568735113675,2.3670500324320995
1575,-3.360631063290057,3.859599573952414
1576,3.2209102079705603,10.412072614113958
1577,1.9517108611093885,-3.905896272394478
1578,10.81368512761507,2.8208746855207028
1579,-2.8499479780335712,4.403912385012532
1580,-2.262652530829107,5.167559231311157
1581,1.8335837273657365,-4.544420288870737
1582,1.5662665232572313,-3.5234477928277155
1583,9.511150514623354,3.4850258642704106
1584,9.905105390016947,3.684248117014403
1585,1.7153188176001968,-1.7158869514384358
1586,10.456500728676465,3.1477162942450443
1587,1.9478133475178285,-3.2793615490505923
1588,1.6916824567959472,11.593736036707714
1589,4.7743283926938105,11.171720786972084
1590,-4.46004546756172,6.370530906865464
1591,4.186860301446372,10.506821012563112
1592,9.893343116879814,3.6282259504949477
1593,2.5964651829792382,11.144180042497531
1594,2.2767442850696944,-2.5066738695866055
1595,1.722604960526857,-2.809927666785499
1596,-4.920277405954748,6.201590258238613
1597,10.369119448267679,2.869150509951423
1598,2.6381380499916687,-2.602966602498462
1599,-4.070788274785706,3.926886064915706
1600,0.6698221048722308,-2.873148471376701
1601,-4.093272871470801,4.109838693245466
1602,9.961196888538671,3.028130465614818
1603,9.177829126543651,1.9598397726861378
1604,2.0086396588368576,-3.1011178865604254
1605,-4.365783661256472,5.238582930204922
1606,-3.090988859692855,5.497776127803333
1607,9.571976342045765,2.839695316981295
1608,-5.749132159538725,5.04737187646528
1609,2.4093036158615972,10.562899018008828
1610,1.36193578128837,12.632904819881272
1611,9.499939570874258,4.054648204885288
1612,10.433390922762486,3.4777252394176257
1613,2.2166147841582027,10.336257377722317
1614,2.036158363589028,10.031818960690146
1615,3.846264024953486,-3.071352131348201
1616,1.0230434275971598,-2.4116106762949157
1617,0.8118436810588938,-1.0839068615551812
1618,-3.39178988104179,5.508798110903987
1619,2.9305072918543567,11.89114139865308
1620,-3.1583275085218014,5.7403824161794414
1621,1.8057465975449667,8.896823015483065
1622,9.247315210759655,2.422212490676186
1623,1.7636216826029953,9.947071728382777
1624,3.559328882876687,-4.161637482314711
1625,2.425156097047088,10.661344015148867
1626,-3.611561634471421,5.458344572861118
1627,3.744342628460646,11.114043930751789
1628,9.648753151657422,1.7101169485007022
1629,1.5620864528479377,-2.401157581489636
1630,-4.401972315581793,5.417005080572911
1631,10.241432541173799,3.33767250067995
1632,-2.572779451530159,5.133910222895679
1633,3.1397245878482742,11.512173471740596
1634,10.227473817844151,3.343955322560022
1635,10.22376434267658,3.6573322357791342
1636,3.1205429422631576,12.11304622658184
1637,2.5776384513860306,-2.0014581974417913
1638,1.1596061997531606,-2.1494126779222675
1639,1.5766572666365355,-2.999745038439295
1640,8.767986671049147,2.05581925007347
1641,-6.169246504617967,3.7761652492844666
1642,2.500208131679429,10.084489967190807
1643,10.614509261366047,1.9783291731845623
1644,9.455271837025366,1.7013454511475834
1645,10.305144222103541,3.0147823381972128
1646,2.9447662759968183,11.193096121331886
1647,3.466212623641784,10.198872825481361
1648,4.354106771746826,11.86053206510213
1649,8.82758950497742,4.115255373001561
1650,9.708374785605358,2.9083620075146963
1651,-3.6212352975355735,5.3132369229552365
